{
    "Analgesics": [
      { "name": "Paracetamol", "price": 10 },
      { "name": "Ibuprofen", "price": 15 },
      { "name": "Naproxen", "price": 15 },
      { "name": "Aspirin", "price": 14 },
      { "name": "Diclofenac", "price": 20 },
      { "name": "Tramadol", "price": 23 }
    ],
    "Antibiotics": [
      { "name": "Amoxicillin", "price": 20 },
      { "name": "Ciprofloxacin", "price": 25 },
      { "name": "Doxycycline", "price": 19 },
      { "name": "Azithromycin", "price": 18 },
      { "name": "Metronidazole", "price": 13 },
      { "name": "Cephalexin", "price": 20 }
    ],
    "Antidepressants": [
      { "name": "Sertraline", "price": 20 },
      { "name": "Fluoxetine", "price": 25 },
      { "name": "Escitalopram", "price": 19 },
      { "name": "Paroxetine", "price": 18 },
      { "name": "Duloxetine", "price": 13 },
      { "name": "Amitriptyline", "price": 20 }
    ],
    "Antihistamines": [
      { "name": "Cetirizine", "price": 20 },
      { "name": "Loratadine", "price": 25 },
      { "name": "Fexofenadine", "price": 19 },
      { "name": "Diphenhydramine", "price": 18 }
    ],
    "Antihypertensives": [
      { "name": "Lisinopril", "price": 20 },
      { "name": "Amlodipine", "price": 25 },
      { "name": "Metoprolol", "price": 19 },
      { "name": "Losartan", "price": 18 },
      { "name": "Enalapril", "price": 18 },
      { "name": "Hydrochlorothiazide", "price": 18 }
    ]
  }
  